<?xml version="1.0" encoding="UTF-8"?>
<metadata xml:lang="en"><Esri><CreaDate>20210730</CreaDate><CreaTime>16112800</CreaTime><ArcGISFormat>1.0</ArcGISFormat><SyncOnce>FALSE</SyncOnce><DataProperties><itemProps><itemName Sync="TRUE">agsn2019</itemName><imsContentType Sync="TRUE">002</imsContentType><nativeExtBox><westBL Sync="TRUE">-72.694128</westBL><eastBL Sync="TRUE">-34.800770</eastBL><southBL Sync="TRUE">-32.074458</southBL><northBL Sync="TRUE">2.886270</northBL><exTypeCode Sync="TRUE">1</exTypeCode></nativeExtBox><itemLocation><linkage Sync="TRUE">file://\\LAPTOP-OK8LCS07\C$\Users\lorra\Documents\ITC\THESIS\data\agsn2019.shp</linkage><protocol Sync="TRUE">Local Area Network</protocol></itemLocation><itemSize Sync="TRUE">0.000</itemSize></itemProps><coordRef><type Sync="TRUE">Projected</type><geogcsn Sync="TRUE">GCS_SIRGAS_2000</geogcsn><csUnits Sync="TRUE">Linear Unit: Meter (1.000000)</csUnits><peXml Sync="TRUE">&lt;ProjectedCoordinateSystem xsi:type='typens:ProjectedCoordinateSystem' xmlns:xsi='http://www.w3.org/2001/XMLSchema-instance' xmlns:xs='http://www.w3.org/2001/XMLSchema' xmlns:typens='http://www.esri.com/schemas/ArcGIS/10.8'&gt;&lt;WKT&gt;PROJCS[&amp;quot;SIRGAS_2000_UTM_Zone_23S&amp;quot;,GEOGCS[&amp;quot;GCS_SIRGAS_2000&amp;quot;,DATUM[&amp;quot;D_SIRGAS_2000&amp;quot;,SPHEROID[&amp;quot;GRS_1980&amp;quot;,6378137.0,298.257222101]],PRIMEM[&amp;quot;Greenwich&amp;quot;,0.0],UNIT[&amp;quot;Degree&amp;quot;,0.0174532925199433]],PROJECTION[&amp;quot;Transverse_Mercator&amp;quot;],PARAMETER[&amp;quot;False_Easting&amp;quot;,500000.0],PARAMETER[&amp;quot;False_Northing&amp;quot;,10000000.0],PARAMETER[&amp;quot;Central_Meridian&amp;quot;,-45.0],PARAMETER[&amp;quot;Scale_Factor&amp;quot;,0.9996],PARAMETER[&amp;quot;Latitude_Of_Origin&amp;quot;,0.0],UNIT[&amp;quot;Meter&amp;quot;,1.0],AUTHORITY[&amp;quot;EPSG&amp;quot;,31983]]&lt;/WKT&gt;&lt;XOrigin&gt;-5120900&lt;/XOrigin&gt;&lt;YOrigin&gt;1900&lt;/YOrigin&gt;&lt;XYScale&gt;450445547.3910538&lt;/XYScale&gt;&lt;ZOrigin&gt;-100000&lt;/ZOrigin&gt;&lt;ZScale&gt;10000&lt;/ZScale&gt;&lt;MOrigin&gt;-100000&lt;/MOrigin&gt;&lt;MScale&gt;10000&lt;/MScale&gt;&lt;XYTolerance&gt;0.001&lt;/XYTolerance&gt;&lt;ZTolerance&gt;0.001&lt;/ZTolerance&gt;&lt;MTolerance&gt;0.001&lt;/MTolerance&gt;&lt;HighPrecision&gt;true&lt;/HighPrecision&gt;&lt;WKID&gt;31983&lt;/WKID&gt;&lt;LatestWKID&gt;31983&lt;/LatestWKID&gt;&lt;/ProjectedCoordinateSystem&gt;</peXml><projcsn Sync="TRUE">SIRGAS_2000_UTM_Zone_23S</projcsn></coordRef><lineage><Process ToolSource="c:\program files\arcgis\pro\Resources\ArcToolbox\toolboxes\Conversion Tools.tbx\FeatureClassToFeatureClass" Date="20200519" Time="095029">FeatureClassToFeatureClass "Aglomerados Subnormais (AGSN)" C:\Users\maikon.novaes\Documents\Maikon\AGSN\AGSN_2019 AGSN_2019.shp # "UF "Estado ou Distrito Federal do Aglomerado Subnormal" true true false 255 Text 0 0,First,#,Aglomerados Subnormais (AGSN),UF,0,255;NM_AGSN "Nome do Aglomerado Subnormal" true true false 255 Text 0 0,First,#,Aglomerados Subnormais (AGSN),NM_AGSN,0,255;SUM_EDOC "Total de domicílios" true true false 4 Long 0 0,First,#,Aglomerados Subnormais (AGSN),SUM_EDOC,-1,-1;AGSN_NM_MU "Município do Aglomerado Subnormal" true true false 255 Text 0 0,First,#,Aglomerados Subnormais (AGSN),AGSN_NM_MU,0,255;UH_Dist "Distância do Estabelecimento de Saúde com suporte de internação e observação mais próximo (m)" true true false 8 Double 0 0,First,#,Aglomerados Subnormais (AGSN),UH_Dist,-1,-1;UH_NO_MUNI "Município do Estabelecimento de Saúde com suporte de internação e observação mais próximo" true true false 255 Text 0 0,First,#,Aglomerados Subnormais (AGSN),UH_NO_MUNI,0,255;UH_NOME "Nome do Estabelecimento de Saúde com suporte de internação e observação mais próximo" true true false 255 Text 0 0,First,#,Aglomerados Subnormais (AGSN),UH_NOME,0,255;UH_TIPO "Tipo do Estabelecimento de Saúde com suporte de internação e observação mais próximo" true true false 255 Text 0 0,First,#,Aglomerados Subnormais (AGSN),UH_TIPO,0,255;UH_NO_LOGR "Logradouro do Estabelecimento de Saúde com suporte de internação e observação mais próximo" true true false 255 Text 0 0,First,#,Aglomerados Subnormais (AGSN),UH_NO_LOGR,0,255;UH_NU_END "Número do Endereço do Estabelecimento de Saúde com suporte de internação e observação mais próximo" true true false 4 Long 0 0,First,#,Aglomerados Subnormais (AGSN),UH_NU_END,-1,-1;UH_NO_BAIR "Bairro do Estabelecimento de Saúde com suporte de internação e observação mais próximo" true true false 255 Text 0 0,First,#,Aglomerados Subnormais (AGSN),UH_NO_BAIR,0,255;AP1_Dist "Distância do Estabelecimento de Saúde de Atenção Primária mais próximo (m)" true true false 8 Double 0 0,First,#,Aglomerados Subnormais (AGSN),AP1_Dist,-1,-1;AP1_NO_MUN "Município do Estabelecimento de Saúde de Atenção Primária mais próximo" true true false 255 Text 0 0,First,#,Aglomerados Subnormais (AGSN),AP1_NO_MUN,0,255;AP1_NO_FAN "Nome do Estabelecimento de Saúde de Atenção Primária mais próximo" true true false 255 Text 0 0,First,#,Aglomerados Subnormais (AGSN),AP1_NO_FAN,0,255;AP1_DS_TIP "Tipo do Estabelecimento de Saúde de Atenção Primária mais próximo" true true false 255 Text 0 0,First,#,Aglomerados Subnormais (AGSN),AP1_DS_TIP,0,255;AP1_NO_LOG "Logradouro do Estabelecimento de Saúde de Atenção Primária mais próximo" true true false 255 Text 0 0,First,#,Aglomerados Subnormais (AGSN),AP1_NO_LOG,0,255;AP1_NU_END "Número do Endereço do Estabelecimento de Saúde de Atenção Primária mais próximo" true true false 4 Long 0 0,First,#,Aglomerados Subnormais (AGSN),AP1_NU_END,-1,-1;AP1_NO_BAI "Bairro Estabelecimento de Saúde de Atenção Primária mais próximo" true true false 255 Text 0 0,First,#,Aglomerados Subnormais (AGSN),AP1_NO_BAI,0,255;AP2_Dist "Distância do Segundo Estabelecimento de Saúde de Atenção Primária mais próximo (m)" true true false 8 Double 0 0,First,#,Aglomerados Subnormais (AGSN),AP2_Dist,-1,-1;AP2_NO_MUN "Município do Segundo Estabelecimento de Saúde de Atenção Primária mais próximo" true true false 255 Text 0 0,First,#,Aglomerados Subnormais (AGSN),AP2_NO_MUN,0,255;AP2_NO_FAN "Nome do Segundo Estabelecimento de Saúde de Atenção Primária mais próximo" true true false 255 Text 0 0,First,#,Aglomerados Subnormais (AGSN),AP2_NO_FAN,0,255;AP2_DS_TIP "Tipo do Segundo Estabelecimento de Saúde de Atenção Primária mais próximo" true true false 255 Text 0 0,First,#,Aglomerados Subnormais (AGSN),AP2_DS_TIP,0,255;AP2_NO_LOG "Logradouro do Segundo Estabelecimento de Saúde de Atenção Primária mais próximo" true true false 255 Text 0 0,First,#,Aglomerados Subnormais (AGSN),AP2_NO_LOG,0,255;AP2_NU_END "Número do Endereço do Segundo Estabelecimento de Saúde de Atenção Primária mais próximo" true true false 255 Text 0 0,First,#,Aglomerados Subnormais (AGSN),AP2_NU_END,0,255;AP2_NO_BAI "Bairro do Segundo Estabelecimento de Saúde de Atenção Primária mais próximo" true true false 255 Text 0 0,First,#,Aglomerados Subnormais (AGSN),AP2_NO_BAI,0,255;AP3_Dist "Distância do Terceiro Estabelecimento de Saúde de Atenção Primária mais próximo (m)" true true false 8 Double 0 0,First,#,Aglomerados Subnormais (AGSN),AP3_Dist,-1,-1;AP3_NO_MUN "Município do Terceiro Estabelecimento de Saúde de Atenção Primária mais próximo" true true false 255 Text 0 0,First,#,Aglomerados Subnormais (AGSN),AP3_NO_MUN,0,255;AP3_NO_FAN "Nome do Terceiro Estabelecimento de Saúde de Atenção Primária mais próximo" true true false 255 Text 0 0,First,#,Aglomerados Subnormais (AGSN),AP3_NO_FAN,0,255;AP3_DS_TIP "Tipo do Terceiro Estabelecimento de Saúde de Atenção Primária mais próximo" true true false 255 Text 0 0,First,#,Aglomerados Subnormais (AGSN),AP3_DS_TIP,0,255;AP3_NO_LOG "Logradouro do Terceiro Estabelecimento de Saúde de Atenção Primária mais próximo" true true false 255 Text 0 0,First,#,Aglomerados Subnormais (AGSN),AP3_NO_LOG,0,255;AP3_NU_END "Número do Endereço do Terceiro Estabelecimento de Saúde de Atenção Primária mais próximo" true true false 4 Long 0 0,First,#,Aglomerados Subnormais (AGSN),AP3_NU_END,-1,-1;AP3_NO_BAI "Bairro do Terceiro Estabelecimento de Saúde de Atenção Primária mais próximo" true true false 255 Text 0 0,First,#,Aglomerados Subnormais (AGSN),AP3_NO_BAI,0,255;Shape_Leng "Shape_Length" false true true 8 Double 0 0,First,#,Aglomerados Subnormais (AGSN),Shape_Length,-1,-1;Shape_Area "Shape_Area" false true true 8 Double 0 0,First,#,Aglomerados Subnormais (AGSN),Shape_Area,-1,-1" #</Process><Process ToolSource="c:\program files (x86)\arcgis\desktop10.8\ArcToolbox\Toolboxes\Data Management Tools.tbx\Project" Date="20210203" Time="103557">Project AGSN_2019 C:\Users\lorra\Documents\ITC\THESIS\data\SP_prep\agsn_2019_proj.shp PROJCS['SIRGAS_2000_UTM_Zone_23S',GEOGCS['GCS_SIRGAS_2000',DATUM['D_SIRGAS_2000',SPHEROID['GRS_1980',6378137.0,298.257222101]],PRIMEM['Greenwich',0.0],UNIT['Degree',0.0174532925199433]],PROJECTION['Transverse_Mercator'],PARAMETER['False_Easting',500000.0],PARAMETER['False_Northing',10000000.0],PARAMETER['Central_Meridian',-45.0],PARAMETER['Scale_Factor',0.9996],PARAMETER['Latitude_Of_Origin',0.0],UNIT['Meter',1.0]] # GEOGCS['GCS_SIRGAS_2000',DATUM['D_SIRGAS_2000',SPHEROID['GRS_1980',6378137.0,298.257222101]],PRIMEM['Greenwich',0.0],UNIT['Degree',0.0174532925199433]] NO_PRESERVE_SHAPE # NO_VERTICAL</Process><Process ToolSource="c:\program files (x86)\arcgis\desktop10.8\ArcToolbox\Toolboxes\Analysis Tools.tbx\Clip" Date="20210303" Time="105312">Clip agsn_2019_proj sp_boundary C:\Users\lorra\Documents\ITC\THESIS\data\agsn2019.shp #</Process><Process ToolSource="c:\program files (x86)\arcgis\desktop10.8\ArcToolbox\Toolboxes\Data Management Tools.tbx\DeleteField" Date="20210309" Time="132543">DeleteField agsn2019 UF;SUM_EDOC;AGSN_NM_MU;UH_Dist;UH_NO_MUNI;UH_NOME;UH_TIPO;UH_NO_LOGR;UH_NU_END;UH_NO_BAIR;AP1_Dist;AP1_NO_MUN;AP1_NO_FAN;AP1_DS_TIP;AP1_NO_LOG;AP1_NU_END;AP1_NO_BAI;AP2_Dist;AP2_NO_MUN;AP2_NO_FAN;AP2_DS_TIP;AP2_NO_LOG;AP2_NU_END;AP2_NO_BAI;AP3_Dist;AP3_NO_MUN;AP3_NO_FAN;AP3_DS_TIP;AP3_NO_LOG;AP3_NU_END;AP3_NO_BAI</Process></lineage></DataProperties><SyncDate>20210303</SyncDate><SyncTime>10530900</SyncTime><ModDate>20210303</ModDate><ModTime>10530900</ModTime></Esri><dataIdInfo><envirDesc Sync="TRUE"> Version 6.2 (Build 9200) ; Esri ArcGIS 10.8.0.12790</envirDesc><dataLang><languageCode value="eng" Sync="TRUE"></languageCode><countryCode value="USA" Sync="TRUE"></countryCode></dataLang><idCitation><resTitle Sync="TRUE">agsn2019</resTitle><presForm><PresFormCd value="005" Sync="TRUE"></PresFormCd></presForm></idCitation><spatRpType><SpatRepTypCd value="001" Sync="TRUE"></SpatRepTypCd></spatRpType><dataExt><geoEle><GeoBndBox esriExtentType="search"><exTypeCode Sync="TRUE">1</exTypeCode><westBL Sync="TRUE">-72.694128</westBL><eastBL Sync="TRUE">-34.800770</eastBL><northBL Sync="TRUE">2.886270</northBL><southBL Sync="TRUE">-32.074458</southBL></GeoBndBox></geoEle></dataExt></dataIdInfo><mdLang><languageCode value="eng" Sync="TRUE"></languageCode><countryCode value="USA" Sync="TRUE"></countryCode></mdLang><mdChar><CharSetCd value="004" Sync="TRUE"></CharSetCd></mdChar><distInfo><distFormat><formatName Sync="TRUE">Shapefile</formatName></distFormat><distTranOps><transSize Sync="TRUE">0.000</transSize></distTranOps></distInfo><mdHrLv><ScopeCd value="005" Sync="TRUE"></ScopeCd></mdHrLv><mdHrLvName Sync="TRUE">dataset</mdHrLvName><refSysInfo><RefSystem><refSysID><identCode code="31983" Sync="TRUE"></identCode><idCodeSpace Sync="TRUE">EPSG</idCodeSpace><idVersion Sync="TRUE">7.8.3(8.1.2)</idVersion></refSysID></RefSystem></refSysInfo><spatRepInfo><VectSpatRep><geometObjs Name="agsn2019"><geoObjTyp><GeoObjTypCd value="002" Sync="TRUE"></GeoObjTypCd></geoObjTyp><geoObjCnt Sync="TRUE">0</geoObjCnt></geometObjs><topLvl><TopoLevCd value="001" Sync="TRUE"></TopoLevCd></topLvl></VectSpatRep></spatRepInfo><spdoinfo><ptvctinf><esriterm Name="agsn2019"><efeatyp Sync="TRUE">Simple</efeatyp><efeageom code="4" Sync="TRUE"></efeageom><esritopo Sync="TRUE">FALSE</esritopo><efeacnt Sync="TRUE">0</efeacnt><spindex Sync="TRUE">FALSE</spindex><linrefer Sync="TRUE">FALSE</linrefer></esriterm></ptvctinf></spdoinfo><eainfo><detailed Name="agsn2019"><enttyp><enttypl Sync="TRUE">agsn2019</enttypl><enttypt Sync="TRUE">Feature Class</enttypt><enttypc Sync="TRUE">0</enttypc></enttyp><attr><attrlabl Sync="TRUE">FID</attrlabl><attalias Sync="TRUE">FID</attalias><attrtype Sync="TRUE">OID</attrtype><attwidth Sync="TRUE">4</attwidth><atprecis Sync="TRUE">0</atprecis><attscale Sync="TRUE">0</attscale><attrdef Sync="TRUE">Internal feature number.</attrdef><attrdefs Sync="TRUE">Esri</attrdefs><attrdomv><udom Sync="TRUE">Sequential unique whole numbers that are automatically generated.</udom></attrdomv></attr><attr><attrlabl Sync="TRUE">Shape</attrlabl><attalias Sync="TRUE">Shape</attalias><attrtype Sync="TRUE">Geometry</attrtype><attwidth Sync="TRUE">0</attwidth><atprecis Sync="TRUE">0</atprecis><attscale Sync="TRUE">0</attscale><attrdef Sync="TRUE">Feature geometry.</attrdef><attrdefs Sync="TRUE">Esri</attrdefs><attrdomv><udom Sync="TRUE">Coordinates defining the features.</udom></attrdomv></attr><attr><attrlabl Sync="TRUE">UF</attrlabl><attalias Sync="TRUE">UF</attalias><attrtype Sync="TRUE">String</attrtype><attwidth Sync="TRUE">254</attwidth><atprecis Sync="TRUE">0</atprecis><attscale Sync="TRUE">0</attscale></attr><attr><attrlabl Sync="TRUE">NM_AGSN</attrlabl><attalias Sync="TRUE">NM_AGSN</attalias><attrtype Sync="TRUE">String</attrtype><attwidth Sync="TRUE">254</attwidth><atprecis Sync="TRUE">0</atprecis><attscale Sync="TRUE">0</attscale></attr><attr><attrlabl Sync="TRUE">SUM_EDOC</attrlabl><attalias Sync="TRUE">SUM_EDOC</attalias><attrtype Sync="TRUE">Integer</attrtype><attwidth Sync="TRUE">10</attwidth><atprecis Sync="TRUE">10</atprecis><attscale Sync="TRUE">0</attscale></attr><attr><attrlabl Sync="TRUE">AGSN_NM_MU</attrlabl><attalias Sync="TRUE">AGSN_NM_MU</attalias><attrtype Sync="TRUE">String</attrtype><attwidth Sync="TRUE">254</attwidth><atprecis Sync="TRUE">0</atprecis><attscale Sync="TRUE">0</attscale></attr><attr><attrlabl Sync="TRUE">UH_Dist</attrlabl><attalias Sync="TRUE">UH_Dist</attalias><attrtype Sync="TRUE">Double</attrtype><attwidth Sync="TRUE">19</attwidth><atprecis Sync="TRUE">0</atprecis><attscale Sync="TRUE">0</attscale></attr><attr><attrlabl Sync="TRUE">UH_NO_MUNI</attrlabl><attalias Sync="TRUE">UH_NO_MUNI</attalias><attrtype Sync="TRUE">String</attrtype><attwidth Sync="TRUE">254</attwidth><atprecis Sync="TRUE">0</atprecis><attscale Sync="TRUE">0</attscale></attr><attr><attrlabl Sync="TRUE">UH_NOME</attrlabl><attalias Sync="TRUE">UH_NOME</attalias><attrtype Sync="TRUE">String</attrtype><attwidth Sync="TRUE">254</attwidth><atprecis Sync="TRUE">0</atprecis><attscale Sync="TRUE">0</attscale></attr><attr><attrlabl Sync="TRUE">UH_TIPO</attrlabl><attalias Sync="TRUE">UH_TIPO</attalias><attrtype Sync="TRUE">String</attrtype><attwidth Sync="TRUE">254</attwidth><atprecis Sync="TRUE">0</atprecis><attscale Sync="TRUE">0</attscale></attr><attr><attrlabl Sync="TRUE">UH_NO_LOGR</attrlabl><attalias Sync="TRUE">UH_NO_LOGR</attalias><attrtype Sync="TRUE">String</attrtype><attwidth Sync="TRUE">254</attwidth><atprecis Sync="TRUE">0</atprecis><attscale Sync="TRUE">0</attscale></attr><attr><attrlabl Sync="TRUE">UH_NU_END</attrlabl><attalias Sync="TRUE">UH_NU_END</attalias><attrtype Sync="TRUE">Integer</attrtype><attwidth Sync="TRUE">10</attwidth><atprecis Sync="TRUE">10</atprecis><attscale Sync="TRUE">0</attscale></attr><attr><attrlabl Sync="TRUE">UH_NO_BAIR</attrlabl><attalias Sync="TRUE">UH_NO_BAIR</attalias><attrtype Sync="TRUE">String</attrtype><attwidth Sync="TRUE">254</attwidth><atprecis Sync="TRUE">0</atprecis><attscale Sync="TRUE">0</attscale></attr><attr><attrlabl Sync="TRUE">AP1_Dist</attrlabl><attalias Sync="TRUE">AP1_Dist</attalias><attrtype Sync="TRUE">Double</attrtype><attwidth Sync="TRUE">19</attwidth><atprecis Sync="TRUE">0</atprecis><attscale Sync="TRUE">0</attscale></attr><attr><attrlabl Sync="TRUE">AP1_NO_MUN</attrlabl><attalias Sync="TRUE">AP1_NO_MUN</attalias><attrtype Sync="TRUE">String</attrtype><attwidth Sync="TRUE">254</attwidth><atprecis Sync="TRUE">0</atprecis><attscale Sync="TRUE">0</attscale></attr><attr><attrlabl Sync="TRUE">AP1_NO_FAN</attrlabl><attalias Sync="TRUE">AP1_NO_FAN</attalias><attrtype Sync="TRUE">String</attrtype><attwidth Sync="TRUE">254</attwidth><atprecis Sync="TRUE">0</atprecis><attscale Sync="TRUE">0</attscale></attr><attr><attrlabl Sync="TRUE">AP1_DS_TIP</attrlabl><attalias Sync="TRUE">AP1_DS_TIP</attalias><attrtype Sync="TRUE">String</attrtype><attwidth Sync="TRUE">254</attwidth><atprecis Sync="TRUE">0</atprecis><attscale Sync="TRUE">0</attscale></attr><attr><attrlabl Sync="TRUE">AP1_NO_LOG</attrlabl><attalias Sync="TRUE">AP1_NO_LOG</attalias><attrtype Sync="TRUE">String</attrtype><attwidth Sync="TRUE">254</attwidth><atprecis Sync="TRUE">0</atprecis><attscale Sync="TRUE">0</attscale></attr><attr><attrlabl Sync="TRUE">AP1_NU_END</attrlabl><attalias Sync="TRUE">AP1_NU_END</attalias><attrtype Sync="TRUE">Integer</attrtype><attwidth Sync="TRUE">10</attwidth><atprecis Sync="TRUE">10</atprecis><attscale Sync="TRUE">0</attscale></attr><attr><attrlabl Sync="TRUE">AP1_NO_BAI</attrlabl><attalias Sync="TRUE">AP1_NO_BAI</attalias><attrtype Sync="TRUE">String</attrtype><attwidth Sync="TRUE">254</attwidth><atprecis Sync="TRUE">0</atprecis><attscale Sync="TRUE">0</attscale></attr><attr><attrlabl Sync="TRUE">AP2_Dist</attrlabl><attalias Sync="TRUE">AP2_Dist</attalias><attrtype Sync="TRUE">Double</attrtype><attwidth Sync="TRUE">19</attwidth><atprecis Sync="TRUE">0</atprecis><attscale Sync="TRUE">0</attscale></attr><attr><attrlabl Sync="TRUE">AP2_NO_MUN</attrlabl><attalias Sync="TRUE">AP2_NO_MUN</attalias><attrtype Sync="TRUE">String</attrtype><attwidth Sync="TRUE">254</attwidth><atprecis Sync="TRUE">0</atprecis><attscale Sync="TRUE">0</attscale></attr><attr><attrlabl Sync="TRUE">AP2_NO_FAN</attrlabl><attalias Sync="TRUE">AP2_NO_FAN</attalias><attrtype Sync="TRUE">String</attrtype><attwidth Sync="TRUE">254</attwidth><atprecis Sync="TRUE">0</atprecis><attscale Sync="TRUE">0</attscale></attr><attr><attrlabl Sync="TRUE">AP2_DS_TIP</attrlabl><attalias Sync="TRUE">AP2_DS_TIP</attalias><attrtype Sync="TRUE">String</attrtype><attwidth Sync="TRUE">254</attwidth><atprecis Sync="TRUE">0</atprecis><attscale Sync="TRUE">0</attscale></attr><attr><attrlabl Sync="TRUE">AP2_NO_LOG</attrlabl><attalias Sync="TRUE">AP2_NO_LOG</attalias><attrtype Sync="TRUE">String</attrtype><attwidth Sync="TRUE">254</attwidth><atprecis Sync="TRUE">0</atprecis><attscale Sync="TRUE">0</attscale></attr><attr><attrlabl Sync="TRUE">AP2_NU_END</attrlabl><attalias Sync="TRUE">AP2_NU_END</attalias><attrtype Sync="TRUE">String</attrtype><attwidth Sync="TRUE">254</attwidth><atprecis Sync="TRUE">0</atprecis><attscale Sync="TRUE">0</attscale></attr><attr><attrlabl Sync="TRUE">AP2_NO_BAI</attrlabl><attalias Sync="TRUE">AP2_NO_BAI</attalias><attrtype Sync="TRUE">String</attrtype><attwidth Sync="TRUE">254</attwidth><atprecis Sync="TRUE">0</atprecis><attscale Sync="TRUE">0</attscale></attr><attr><attrlabl Sync="TRUE">AP3_Dist</attrlabl><attalias Sync="TRUE">AP3_Dist</attalias><attrtype Sync="TRUE">Double</attrtype><attwidth Sync="TRUE">19</attwidth><atprecis Sync="TRUE">0</atprecis><attscale Sync="TRUE">0</attscale></attr><attr><attrlabl Sync="TRUE">AP3_NO_MUN</attrlabl><attalias Sync="TRUE">AP3_NO_MUN</attalias><attrtype Sync="TRUE">String</attrtype><attwidth Sync="TRUE">254</attwidth><atprecis Sync="TRUE">0</atprecis><attscale Sync="TRUE">0</attscale></attr><attr><attrlabl Sync="TRUE">AP3_NO_FAN</attrlabl><attalias Sync="TRUE">AP3_NO_FAN</attalias><attrtype Sync="TRUE">String</attrtype><attwidth Sync="TRUE">254</attwidth><atprecis Sync="TRUE">0</atprecis><attscale Sync="TRUE">0</attscale></attr><attr><attrlabl Sync="TRUE">AP3_DS_TIP</attrlabl><attalias Sync="TRUE">AP3_DS_TIP</attalias><attrtype Sync="TRUE">String</attrtype><attwidth Sync="TRUE">254</attwidth><atprecis Sync="TRUE">0</atprecis><attscale Sync="TRUE">0</attscale></attr><attr><attrlabl Sync="TRUE">AP3_NO_LOG</attrlabl><attalias Sync="TRUE">AP3_NO_LOG</attalias><attrtype Sync="TRUE">String</attrtype><attwidth Sync="TRUE">254</attwidth><atprecis Sync="TRUE">0</atprecis><attscale Sync="TRUE">0</attscale></attr><attr><attrlabl Sync="TRUE">AP3_NU_END</attrlabl><attalias Sync="TRUE">AP3_NU_END</attalias><attrtype Sync="TRUE">Integer</attrtype><attwidth Sync="TRUE">10</attwidth><atprecis Sync="TRUE">10</atprecis><attscale Sync="TRUE">0</attscale></attr><attr><attrlabl Sync="TRUE">AP3_NO_BAI</attrlabl><attalias Sync="TRUE">AP3_NO_BAI</attalias><attrtype Sync="TRUE">String</attrtype><attwidth Sync="TRUE">254</attwidth><atprecis Sync="TRUE">0</atprecis><attscale Sync="TRUE">0</attscale></attr><attr><attrlabl Sync="TRUE">Shape_Leng</attrlabl><attalias Sync="TRUE">Shape_Leng</attalias><attrtype Sync="TRUE">Double</attrtype><attwidth Sync="TRUE">19</attwidth><atprecis Sync="TRUE">0</atprecis><attscale Sync="TRUE">0</attscale></attr><attr><attrlabl Sync="TRUE">Shape_Area</attrlabl><attalias Sync="TRUE">Shape_Area</attalias><attrtype Sync="TRUE">Double</attrtype><attwidth Sync="TRUE">19</attwidth><atprecis Sync="TRUE">0</atprecis><attscale Sync="TRUE">0</attscale><attrdef Sync="TRUE">Area of feature in internal units squared.</attrdef><attrdefs Sync="TRUE">Esri</attrdefs><attrdomv><udom Sync="TRUE">Positive real numbers that are automatically generated.</udom></attrdomv></attr></detailed></eainfo><mdDateSt Sync="TRUE">20210303</mdDateSt></metadata>
